timestamp,operation,inputs,result
2025-03-14 18:25:21,add,"[16.0, 48.0]",64.0
2025-03-14 18:25:21,add,"[57.0, 63.0]",120.0
2025-03-14 18:25:21,add,"[22.0, 97.0]",119.0
2025-03-14 18:25:21,add,"[72.0, 77.0]",149.0
2025-03-14 18:25:21,add,"[10.0, 35.0]",45.0
2025-03-14 18:25:21,add,"[29.0, 30.0]",59.0
2025-03-14 18:25:21,add,"[55.0, 72.0]",127.0
2025-03-14 18:25:21,add,"[40.0, 51.0]",91.0
2025-03-14 18:25:21,add,"[58.0, 29.0]",87.0
2025-03-14 18:25:21,add,"[77.0, 16.0]",93.0
2025-03-14 18:25:21,sub,"[87.0, 17.0]",70.0
2025-03-14 18:25:21,sub,"[13.0, 57.0]",-44.0
2025-03-14 18:25:21,sub,"[35.0, 72.0]",-37.0
2025-03-14 18:25:21,sub,"[90.0, 93.0]",-3.0
2025-03-14 18:25:21,sub,"[86.0, 25.0]",61.0
2025-03-14 18:25:21,sub,"[58.0, 26.0]",32.0
2025-03-14 18:25:21,sub,"[80.0, 16.0]",64.0
2025-03-14 18:25:21,sub,"[29.0, 28.0]",1.0
2025-03-14 18:25:21,sub,"[93.0, 74.0]",19.0
2025-03-14 18:25:21,sub,"[92.0, 65.0]",27.0
2025-03-14 18:25:21,multiply,"[24.0, 26.0]",624.0
2025-03-14 18:25:21,multiply,"[4.0, 43.0]",172.0
2025-03-14 18:25:21,multiply,"[38.0, 37.0]",1406.0
2025-03-14 18:25:21,multiply,"[29.0, 59.0]",1711.0
2025-03-14 18:25:21,multiply,"[74.0, 35.0]",2590.0
2025-03-14 18:25:21,multiply,"[51.0, 21.0]",1071.0
2025-03-14 18:25:21,multiply,"[37.0, 70.0]",2590.0
2025-03-14 18:25:21,multiply,"[52.0, 13.0]",676.0
2025-03-14 18:25:21,multiply,"[33.0, 65.0]",2145.0
2025-03-14 18:25:21,multiply,"[78.0, 48.0]",3744.0
2025-03-14 18:25:21,divide,"[59.0, 99.0]",0.5959595959595959
2025-03-14 18:25:21,divide,"[73.0, 97.0]",0.7525773195876289
2025-03-14 18:25:21,divide,"[44.0, 69.0]",0.6376811594202898
2025-03-14 18:25:21,divide,"[85.0, 54.0]",1.5740740740740742
2025-03-14 18:25:21,divide,"[27.0, 8.0]",3.375
2025-03-14 18:25:21,divide,"[61.0, 2.0]",30.5
2025-03-14 18:25:21,divide,"[12.0, 77.0]",0.1558441558441558
2025-03-14 18:25:21,divide,"[69.0, 88.0]",0.7840909090909091
2025-03-14 18:25:21,divide,"[99.0, 31.0]",3.193548387096774
2025-03-14 18:25:21,divide,"[36.0, 83.0]",0.4337349397590361
2025-03-14 18:25:38,add,"[3.0, 32.0]",35.0
2025-03-14 18:26:54,add,"[45.0, 34.0]",79.0
2025-03-14 18:27:53,sub,"[23.0, 20.0]",3.0
